first_name,company_name,email,city,state,website,source_url,score,quality_confidence,reason_for_quick_review,campaign_status
Jesus,"Valdez, Monarrez & San Miguel, Law Group",info@valdezmonarrez.com,McAllen,Texas,https://www.vamoslawfirm.com/,https://www.vamoslawfirm.com/personal-injury/dtpa-attorneys,70,60,"Confirm solar-contract or consumer-referral fit from the public DTPA source before importing.",verify_source_then_import
Tyler,"Baker Law Group, PLLC",info@jbakerlawgroup.com,Fort Collins,Colorado,https://jbakerlawgroup.com/,https://jbakerlawgroup.com/fort-collins-civil-litigation-attorney/,65,85,"Confirm whether consumer-protection and deceptive-advertising work includes solar matters.",verify_source_then_import
Cyclone,"Kneupper & Covey PC",contact@kneuppercovey.com,Alpharetta,Georgia,https://kneuppercovey.com/,https://kneuppercovey.com/practice-areas/consumer-protection/,53,70,"Confirm current appetite for solar-lender or installer consumer-protection referrals.",verify_source_then_import
David,"The Law Office of David E. Williams, II, P.L.L.C.",david@thetexasgavel.com,Arlington,Texas,https://thetexasgavel.com/,https://thetexasgavel.com/deceptive-trade-practices/,52,80,"Confirm solar-equipment dispute and referral-fit scope from the DTPA practice page.",verify_source_then_import
Barry,"Clarkson & Associates, LLC",info@clarksonlegal.com,Mesquite,Nevada,https://www.clarksonlegal.com/,https://www.clarksonlegal.com/our-firm,50,91,"Confirm solar-related practice fit and recipient role; source verifies firm contact but not a direct solar page.",verify_source_then_import
Aaron,"Belzer Law",hello@belzerlawfirm.com,Boulder,Colorado,https://belzerlawfirm.com/,https://belzerlawfirm.com/about/,50,85,"Confirm consumer or business-dispute referral fit before importing.",verify_source_then_import
Russell,"Dombrow Law Firm",intake@dombrowlawfirm.com,Syracuse,New York,https://www.dombrowlawfirm.com/,https://www.dombrowlawfirm.com/,50,85,"Confirm consumer-protection practice fit and solar-matter capacity before importing.",verify_source_then_import
Phillip,"Taylor, Warren, Weidner, Hancock & Barnes, P.A.",info@twwlawfirm.com,Pensacola,Florida,https://www.twwlawfirm.com/,https://www.twwlawfirm.com/practice-areas/,50,80,"Confirm litigation/referral fit for Florida solar-contract matters before importing.",verify_source_then_import
Michael,"The Law Office of Michael Geller, Inc.",msg@mglawinc.com,Moreno Valley,California,https://www.mglawinc.com,https://www.mglawinc.com/attorney-profile/,50,60,"Confirm current California consumer or solar-contract referral fit before importing.",verify_source_then_import
